date,net_lp_flow_usd,gross_lp_inflow_usd,n_unpriced_legs
2026-01-01,5000,1000000,0
2026-01-02,5000,1000000,0
2026-01-03,5000,1000000,0
2026-01-04,5000,1000000,0
2026-01-05,5000,1000000,0
2026-01-06,5000,1000000,0
2026-01-07,5000,1000000,0
2026-01-08,5000,1000000,0
2026-01-09,5000,1000000,0
2026-01-10,5000,1000000,0
2026-01-11,-100000,1000000,0
2026-01-12,-100000,1000000,0
2026-01-13,-100000,1000000,0
2026-01-14,5000,1000000,0
2026-01-15,-100000,1000000,0
2026-01-16,5000,1000000,0
2026-01-17,5000,1000000,0
2026-01-18,5000,1000000,0
2026-01-19,5000,1000000,0
2026-01-20,5000,1000000,0
2026-01-21,5000,1000000,0
2026-01-22,5000,1000000,0
2026-01-23,5000,1000000,0
2026-01-24,5000,1000000,0
2026-01-25,5000,1000000,0
2026-01-26,5000,1000000,0
2026-01-27,5000,1000000,0
2026-01-28,5000,1000000,0
2026-01-29,5000,1000000,0
2026-01-30,5000,1000000,0
