run_utc,pool_label,chain,pool_address,window_start,window_end,days,status,window_net_usd,window_gross_inflow_usd,n_leakage_runs,latest_run_start,latest_run_end,latest_run_outflow_usd,latest_run_failed_replenishment,latest_run_persistent_memory,detector_version,detector_hash,source
2026-06-05T10:25:25Z,Uniswap V3 Arbitrum USDC/WETH 0.05%,arbitrum,0xc6962004f452be9203591991d15f6b388e09e8d0,2026-04-21,2026-06-04,45,FLAGGED,-4507979.52,245680375.22,4,2026-05-31,2026-06-04,-2911377.73,,,2.0.0,035296e21284f98161415d6040ef3e946726712ec20ee486518f8c29f7c458da,run
2026-06-05T10:25:36Z,Uniswap V3 Base USDC/WETH 0.05%,base,0xd0b53d9277642d899df5c87a3966a349a798f224,2026-04-21,2026-06-04,45,PENDING,-409780.1,501687698.67,2,2026-05-30,2026-06-03,-2470231.93,,,2.0.0,035296e21284f98161415d6040ef3e946726712ec20ee486518f8c29f7c458da,run
2026-06-05T10:25:08Z,Uniswap V3 Ethereum USDC/WETH 0.05%,ethereum,0x88e6a0c2ddd26feeb64f039a2c41296fcb3f5640,2026-04-21,2026-06-04,45,PENDING,1865343.99,1590280718.14,3,2026-06-01,2026-06-02,-1934648.94,,True,2.0.0,035296e21284f98161415d6040ef3e946726712ec20ee486518f8c29f7c458da,run
2026-06-05T10:25:52Z,Uniswap V3 Optimism USDC/WETH 0.05%,optimism,0x1fb3cf6e48f1e7b10213e7b6d87d4c073c7fdb7b,2026-04-21,2026-06-04,45,RESOLVED,163125.18,11598136.27,1,2026-04-26,2026-04-27,-9721.14,False,False,2.0.0,035296e21284f98161415d6040ef3e946726712ec20ee486518f8c29f7c458da,run
2026-06-11T07:00:32Z,Uniswap V3 Arbitrum USDC/WETH 0.05%,arbitrum,0xc6962004f452be9203591991d15f6b388e09e8d0,2026-04-27,2026-06-10,45,FLAGGED,-8750546.27,271397173.05,4,2026-05-31,2026-06-06,-6531141.29,True,True,2.0.0,035296e21284f98161415d6040ef3e946726712ec20ee486518f8c29f7c458da,run
2026-06-11T07:00:43Z,Uniswap V3 Base USDC/WETH 0.05%,base,0xd0b53d9277642d899df5c87a3966a349a798f224,2026-04-27,2026-06-10,45,FLAGGED,-144598.81,555180543.52,2,2026-06-05,2026-06-06,-1071457.78,False,True,2.0.0,035296e21284f98161415d6040ef3e946726712ec20ee486518f8c29f7c458da,run
2026-06-11T07:00:15Z,Uniswap V3 Ethereum USDC/WETH 0.05%,ethereum,0x88e6a0c2ddd26feeb64f039a2c41296fcb3f5640,2026-04-27,2026-06-10,45,RESOLVED,1058686.59,1733676660.73,4,2026-06-04,2026-06-05,-4988486.37,False,True,2.0.0,035296e21284f98161415d6040ef3e946726712ec20ee486518f8c29f7c458da,run
2026-06-11T07:00:59Z,Uniswap V3 Optimism USDC/WETH 0.05%,optimism,0x1fb3cf6e48f1e7b10213e7b6d87d4c073c7fdb7b,2026-04-27,2026-06-10,45,PENDING,92576.52,12073916.46,1,2026-06-05,2026-06-07,-85070.84,True,,2.0.0,035296e21284f98161415d6040ef3e946726712ec20ee486518f8c29f7c458da,run
2026-06-18T14:29:11Z,Uniswap V3 Arbitrum USDC/WETH 0.05%,arbitrum,0xc6962004f452be9203591991d15f6b388e09e8d0,2026-05-04,2026-06-17,45,FLAGGED,-9037205.97,256645363.87,5,2026-06-15,2026-06-16,-343559.4,,,2.0.0,035296e21284f98161415d6040ef3e946726712ec20ee486518f8c29f7c458da,run
2026-06-18T14:29:24Z,Uniswap V3 Base USDC/WETH 0.05%,base,0xd0b53d9277642d899df5c87a3966a349a798f224,2026-05-04,2026-06-17,45,FLAGGED,-801797.49,562471775.15,2,2026-06-05,2026-06-06,-1071457.78,False,True,2.0.0,035296e21284f98161415d6040ef3e946726712ec20ee486518f8c29f7c458da,run
2026-06-18T14:28:46Z,Uniswap V3 Ethereum USDC/WETH 0.05%,ethereum,0x88e6a0c2ddd26feeb64f039a2c41296fcb3f5640,2026-05-04,2026-06-17,45,RESOLVED,-302769,2059471643,3,2026-06-04,2026-06-05,-4988486,False,True,2.0.0,035296e21284f98161415d6040ef3e946726712ec20ee486518f8c29f7c458da,rebuilt_from_brief
2026-06-18T14:29:30Z,Uniswap V3 Optimism USDC/WETH 0.05%,optimism,0x1fb3cf6e48f1e7b10213e7b6d87d4c073c7fdb7b,2026-05-04,2026-06-17,45,FLAGGED,8905.5,10772719.39,2,2026-06-14,2026-06-17,-79861.56,,,2.0.0,035296e21284f98161415d6040ef3e946726712ec20ee486518f8c29f7c458da,run
2026-06-22T07:00:54Z,Uniswap V3 Arbitrum USDC/WETH 0.05%,arbitrum,0xc6962004f452be9203591991d15f6b388e09e8d0,2026-05-08,2026-06-21,45,FLAGGED,-8544811,247205773,5,2026-06-18,2026-06-19,-157579,,True,2.0.0,035296e21284f98161415d6040ef3e946726712ec20ee486518f8c29f7c458da,rebuilt_from_brief
2026-06-22T07:01:06Z,Uniswap V3 Base USDC/WETH 0.05%,base,0xd0b53d9277642d899df5c87a3966a349a798f224,2026-05-08,2026-06-21,45,FLAGGED,-934885.76,549841549.14,2,2026-06-05,2026-06-06,-1071457.78,False,True,2.0.0,035296e21284f98161415d6040ef3e946726712ec20ee486518f8c29f7c458da,run
2026-06-22T07:00:22Z,Uniswap V3 Ethereum USDC/WETH 0.05%,ethereum,0x88e6a0c2ddd26feeb64f039a2c41296fcb3f5640,2026-05-08,2026-06-21,45,RESOLVED,-387861,2134772783,2,2026-06-04,2026-06-05,-4988486,False,True,2.0.0,035296e21284f98161415d6040ef3e946726712ec20ee486518f8c29f7c458da,rebuilt_from_brief
2026-06-22T07:01:17Z,Uniswap V3 Optimism USDC/WETH 0.05%,optimism,0x1fb3cf6e48f1e7b10213e7b6d87d4c073c7fdb7b,2026-05-08,2026-06-21,45,FLAGGED,3233.18,9942580.76,2,2026-06-14,2026-06-18,-81441.95,True,,2.0.0,035296e21284f98161415d6040ef3e946726712ec20ee486518f8c29f7c458da,run
2026-06-26T09:29:31Z,Uniswap V3 Arbitrum USDC/WETH 0.05%,arbitrum,0xc6962004f452be9203591991d15f6b388e09e8d0,2026-05-12,2026-06-25,45,FLAGGED,-8983654,243493350,6,2026-06-23,2026-06-24,-628200,,,2.0.0,035296e21284f98161415d6040ef3e946726712ec20ee486518f8c29f7c458da,rebuilt_from_brief
2026-06-26T09:29:42Z,Uniswap V3 Base USDC/WETH 0.05%,base,0xd0b53d9277642d899df5c87a3966a349a798f224,2026-05-12,2026-06-25,45,FLAGGED,-602435.62,563534664.47,2,2026-06-05,2026-06-06,-1071457.78,False,True,2.0.0,035296e21284f98161415d6040ef3e946726712ec20ee486518f8c29f7c458da,run
2026-06-26T09:29:19Z,Uniswap V3 Ethereum USDC/WETH 0.05%,ethereum,0x88e6a0c2ddd26feeb64f039a2c41296fcb3f5640,2026-05-12,2026-06-25,45,RESOLVED,-1984022,2009961584,2,2026-06-04,2026-06-05,-4988486,False,True,2.0.0,035296e21284f98161415d6040ef3e946726712ec20ee486518f8c29f7c458da,rebuilt_from_brief
2026-06-26T09:29:54Z,Uniswap V3 Optimism USDC/WETH 0.05%,optimism,0x1fb3cf6e48f1e7b10213e7b6d87d4c073c7fdb7b,2026-05-12,2026-06-25,45,FLAGGED,-17212.96,9647904.08,3,2026-06-24,2026-06-25,-19211.72,,,2.0.0,035296e21284f98161415d6040ef3e946726712ec20ee486518f8c29f7c458da,run
2026-06-29T07:00:47Z,Uniswap V3 Arbitrum USDC/WETH 0.05%,arbitrum,0xc6962004f452be9203591991d15f6b388e09e8d0,2026-05-15,2026-06-28,45,FLAGGED,-9561893,233177602,7,2026-06-26,2026-06-27,-736239,,,2.0.0,035296e21284f98161415d6040ef3e946726712ec20ee486518f8c29f7c458da,rebuilt_from_brief
2026-06-29T07:00:53Z,Uniswap V3 Base USDC/WETH 0.05%,base,0xd0b53d9277642d899df5c87a3966a349a798f224,2026-05-15,2026-06-28,45,FLAGGED,-1479080.01,549741302.13,2,2026-06-05,2026-06-06,-1071457.78,False,True,2.0.0,035296e21284f98161415d6040ef3e946726712ec20ee486518f8c29f7c458da,run
2026-06-29T07:00:30Z,Uniswap V3 Ethereum USDC/WETH 0.05%,ethereum,0x88e6a0c2ddd26feeb64f039a2c41296fcb3f5640,2026-05-15,2026-06-28,45,RESOLVED,-1876188,1932648872,2,2026-06-04,2026-06-05,-4988486,False,True,2.0.0,035296e21284f98161415d6040ef3e946726712ec20ee486518f8c29f7c458da,rebuilt_from_brief
2026-06-29T07:00:59Z,Uniswap V3 Optimism USDC/WETH 0.05%,optimism,0x1fb3cf6e48f1e7b10213e7b6d87d4c073c7fdb7b,2026-05-15,2026-06-28,45,FLAGGED,-40836.6,8626646.46,3,2026-06-24,2026-06-25,-19211.72,True,,2.0.0,035296e21284f98161415d6040ef3e946726712ec20ee486518f8c29f7c458da,run
2026-07-02T07:00:26Z,Uniswap V3 Arbitrum USDC/WETH 0.05%,arbitrum,0xc6962004f452be9203591991d15f6b388e09e8d0,2026-05-18,2026-07-01,45,FLAGGED,-10134790.04,232154816.74,7,2026-06-26,2026-06-27,-736238.95,True,True,2.0.0,035296e21284f98161415d6040ef3e946726712ec20ee486518f8c29f7c458da,run
2026-07-02T07:00:40Z,Uniswap V3 Base USDC/WETH 0.05%,base,0xd0b53d9277642d899df5c87a3966a349a798f224,2026-05-18,2026-07-01,45,FLAGGED,-1221094.73,540599037.02,3,2026-06-28,2026-06-29,-440557.21,,,2.0.0,035296e21284f98161415d6040ef3e946726712ec20ee486518f8c29f7c458da,run
2026-07-02T07:00:15Z,Uniswap V3 Ethereum USDC/WETH 0.05%,ethereum,0x88e6a0c2ddd26feeb64f039a2c41296fcb3f5640,2026-05-18,2026-07-01,45,RESOLVED,-2620554,1894777055,2,2026-06-04,2026-06-05,-4988486,False,True,2.0.0,035296e21284f98161415d6040ef3e946726712ec20ee486518f8c29f7c458da,rebuilt_from_brief
2026-07-02T07:00:52Z,Uniswap V3 Optimism USDC/WETH 0.05%,optimism,0x1fb3cf6e48f1e7b10213e7b6d87d4c073c7fdb7b,2026-05-18,2026-07-01,45,FLAGGED,-21839.08,8759581.61,3,2026-06-24,2026-06-25,-19211.72,True,,2.0.0,035296e21284f98161415d6040ef3e946726712ec20ee486518f8c29f7c458da,run
2026-07-06T14:33:28Z,Uniswap V3 Arbitrum USDC/WETH 0.05%,arbitrum,0xc6962004f452be9203591991d15f6b388e09e8d0,2026-05-22,2026-07-05,45,FLAGGED,-8816396,222689758,5,2026-06-26,2026-06-27,-736239,True,True,2.0.0,035296e21284f98161415d6040ef3e946726712ec20ee486518f8c29f7c458da,rebuilt_from_brief
2026-07-06T14:33:40Z,Uniswap V3 Base USDC/WETH 0.05%,base,0xd0b53d9277642d899df5c87a3966a349a798f224,2026-05-22,2026-07-05,45,FLAGGED,-2468324.76,526126966.03,3,2026-06-28,2026-06-29,-440557.21,False,True,2.0.0,035296e21284f98161415d6040ef3e946726712ec20ee486518f8c29f7c458da,run
2026-07-06T14:32:35Z,Uniswap V3 Ethereum USDC/WETH 0.05%,ethereum,0x88e6a0c2ddd26feeb64f039a2c41296fcb3f5640,2026-05-22,2026-07-05,45,PENDING,-2049219,1818001748,3,2026-07-02,2026-07-04,-1110700,,,2.0.0,035296e21284f98161415d6040ef3e946726712ec20ee486518f8c29f7c458da,rebuilt_from_brief
2026-07-06T14:33:51Z,Uniswap V3 Optimism USDC/WETH 0.05%,optimism,0x1fb3cf6e48f1e7b10213e7b6d87d4c073c7fdb7b,2026-05-22,2026-07-05,45,FLAGGED,-176797.17,10003872.36,4,2026-07-03,2026-07-04,-24526.0,,,2.0.0,035296e21284f98161415d6040ef3e946726712ec20ee486518f8c29f7c458da,run
2026-07-09T07:00:25Z,Uniswap V3 Arbitrum USDC/WETH 0.05%,arbitrum,0xc6962004f452be9203591991d15f6b388e09e8d0,2026-05-25,2026-07-08,45,FLAGGED,-8723643.69,211485925.87,6,2026-07-05,2026-07-08,-1137377.06,,,2.0.0,035296e21284f98161415d6040ef3e946726712ec20ee486518f8c29f7c458da,run
2026-07-09T07:00:36Z,Uniswap V3 Base USDC/WETH 0.05%,base,0xd0b53d9277642d899df5c87a3966a349a798f224,2026-05-25,2026-07-08,45,FLAGGED,-2554927.72,522518510.94,3,2026-06-28,2026-06-29,-440557.21,False,True,2.0.0,035296e21284f98161415d6040ef3e946726712ec20ee486518f8c29f7c458da,run
2026-07-09T07:00:14Z,Uniswap V3 Ethereum USDC/WETH 0.05%,ethereum,0x88e6a0c2ddd26feeb64f039a2c41296fcb3f5640,2026-05-25,2026-07-08,45,FLAGGED,-5320457,1743796222,3,2026-07-02,2026-07-04,-1110700,True,True,2.0.0,035296e21284f98161415d6040ef3e946726712ec20ee486518f8c29f7c458da,rebuilt_from_brief
2026-07-09T07:00:47Z,Uniswap V3 Optimism USDC/WETH 0.05%,optimism,0x1fb3cf6e48f1e7b10213e7b6d87d4c073c7fdb7b,2026-05-25,2026-07-08,45,FLAGGED,-190875.92,11255614.29,4,2026-07-03,2026-07-04,-24526.0,True,,2.0.0,035296e21284f98161415d6040ef3e946726712ec20ee486518f8c29f7c458da,run
2026-07-13T07:00:53Z,Uniswap V3 Arbitrum USDC/WETH 0.05%,arbitrum,0xc6962004f452be9203591991d15f6b388e09e8d0,2026-05-29,2026-07-12,45,FLAGGED,-8873474,198229904,6,2026-07-05,2026-07-08,-1137377,True,True,2.0.0,035296e21284f98161415d6040ef3e946726712ec20ee486518f8c29f7c458da,rebuilt_from_brief
2026-07-13T07:01:06Z,Uniswap V3 Base USDC/WETH 0.05%,base,0xd0b53d9277642d899df5c87a3966a349a798f224,2026-05-29,2026-07-12,45,FLAGGED,-2033109.22,482972898.72,3,2026-06-28,2026-06-29,-440557.21,False,True,2.0.0,035296e21284f98161415d6040ef3e946726712ec20ee486518f8c29f7c458da,run
2026-07-13T07:00:41Z,Uniswap V3 Ethereum USDC/WETH 0.05%,ethereum,0x88e6a0c2ddd26feeb64f039a2c41296fcb3f5640,2026-05-29,2026-07-12,45,FLAGGED,-2620735,1477652853,3,2026-07-02,2026-07-04,-1110700,True,True,2.0.0,035296e21284f98161415d6040ef3e946726712ec20ee486518f8c29f7c458da,rebuilt_from_brief
2026-07-13T07:01:13Z,Uniswap V3 Optimism USDC/WETH 0.05%,optimism,0x1fb3cf6e48f1e7b10213e7b6d87d4c073c7fdb7b,2026-05-29,2026-07-12,45,FLAGGED,-188869.66,11032231.35,4,2026-07-03,2026-07-04,-24526.0,True,False,2.0.0,035296e21284f98161415d6040ef3e946726712ec20ee486518f8c29f7c458da,run
2026-07-16T07:00:28Z,Uniswap V3 Arbitrum USDC/WETH 0.05%,arbitrum,0xc6962004f452be9203591991d15f6b388e09e8d0,2026-06-01,2026-07-15,45,FLAGGED,-8330022.08,192895408.76,7,2026-07-13,2026-07-15,-397380.5,,,2.0.0,035296e21284f98161415d6040ef3e946726712ec20ee486518f8c29f7c458da,run
2026-07-16T07:00:34Z,Uniswap V3 Base USDC/WETH 0.05%,base,0xd0b53d9277642d899df5c87a3966a349a798f224,2026-06-01,2026-07-15,45,FLAGGED,-881468.79,507013315.55,3,2026-06-28,2026-06-29,-440557.21,False,True,2.0.0,035296e21284f98161415d6040ef3e946726712ec20ee486518f8c29f7c458da,run
2026-07-16T07:00:16Z,Uniswap V3 Ethereum USDC/WETH 0.05%,ethereum,0x88e6a0c2ddd26feeb64f039a2c41296fcb3f5640,2026-06-01,2026-07-15,45,FLAGGED,-399000,1395961027,2,2026-07-02,2026-07-04,-1110700,True,True,2.0.0,035296e21284f98161415d6040ef3e946726712ec20ee486518f8c29f7c458da,rebuilt_from_brief
2026-07-16T07:00:40Z,Uniswap V3 Optimism USDC/WETH 0.05%,optimism,0x1fb3cf6e48f1e7b10213e7b6d87d4c073c7fdb7b,2026-06-01,2026-07-15,45,FLAGGED,-227467.08,11614392.65,4,2026-07-03,2026-07-04,-24526.0,True,False,2.0.0,035296e21284f98161415d6040ef3e946726712ec20ee486518f8c29f7c458da,run
2026-07-20T07:00:27Z,Uniswap V3 Arbitrum USDC/WETH 0.05%,arbitrum,0xc6962004f452be9203591991d15f6b388e09e8d0,2026-06-05,2026-07-19,45,FLAGGED,-5537617.97,152430130.3,6,2026-07-13,2026-07-15,-397380.5,True,True,2.0.0,035296e21284f98161415d6040ef3e946726712ec20ee486518f8c29f7c458da,run
2026-07-20T07:00:33Z,Uniswap V3 Base USDC/WETH 0.05%,base,0xd0b53d9277642d899df5c87a3966a349a798f224,2026-06-05,2026-07-19,45,RESOLVED,242205.85,501035871.71,1,2026-06-28,2026-06-29,-440557.21,False,True,2.0.0,035296e21284f98161415d6040ef3e946726712ec20ee486518f8c29f7c458da,run
2026-07-20T07:00:21Z,Uniswap V3 Ethereum USDC/WETH 0.05%,ethereum,0x88e6a0c2ddd26feeb64f039a2c41296fcb3f5640,2026-06-05,2026-07-19,45,FLAGGED,+888762,1216900688,1,2026-07-02,2026-07-04,-1110700,True,True,2.0.0,035296e21284f98161415d6040ef3e946726712ec20ee486518f8c29f7c458da,rebuilt_from_brief
2026-07-20T07:00:39Z,Uniswap V3 Optimism USDC/WETH 0.05%,optimism,0x1fb3cf6e48f1e7b10213e7b6d87d4c073c7fdb7b,2026-06-05,2026-07-19,45,FLAGGED,-196371.47,10941955.44,4,2026-07-03,2026-07-04,-24526.0,True,False,2.0.0,035296e21284f98161415d6040ef3e946726712ec20ee486518f8c29f7c458da,run
2026-07-27T07:00:47Z,Uniswap V3 Arbitrum USDC/WETH 0.05%,arbitrum,0xc6962004f452be9203591991d15f6b388e09e8d0,2026-06-12,2026-07-26,45,FLAGGED,-1756201,108850884,7,2026-07-21,2026-07-23,-233844,False,True,2.0.0,035296e21284f98161415d6040ef3e946726712ec20ee486518f8c29f7c458da,rebuilt_from_brief
2026-07-27T07:00:58Z,Uniswap V3 Base USDC/WETH 0.05%,base,0xd0b53d9277642d899df5c87a3966a349a798f224,2026-06-12,2026-07-26,45,RESOLVED,-140557.65,494334339.18,1,2026-06-28,2026-06-29,-440557.21,False,True,2.0.0,035296e21284f98161415d6040ef3e946726712ec20ee486518f8c29f7c458da,run
2026-07-27T07:00:41Z,Uniswap V3 Ethereum USDC/WETH 0.05%,ethereum,0x88e6a0c2ddd26feeb64f039a2c41296fcb3f5640,2026-06-12,2026-07-26,45,FLAGGED,+1945026,782401274,1,2026-07-02,2026-07-04,-1110700,True,True,2.0.0,035296e21284f98161415d6040ef3e946726712ec20ee486518f8c29f7c458da,rebuilt_from_brief
2026-07-27T07:01:04Z,Uniswap V3 Optimism USDC/WETH 0.05%,optimism,0x1fb3cf6e48f1e7b10213e7b6d87d4c073c7fdb7b,2026-06-12,2026-07-26,45,FLAGGED,-141112.39,11658067.5,3,2026-07-03,2026-07-04,-24526.0,True,False,2.0.0,035296e21284f98161415d6040ef3e946726712ec20ee486518f8c29f7c458da,run
2026-08-10T07:01:09Z,Uniswap V3 Arbitrum USDC/WETH 0.05%,arbitrum,0xc6962004f452be9203591991d15f6b388e09e8d0,2026-06-26,2026-08-09,45,FLAGGED,-1774131.0,93977666.07,4,2026-08-06,2026-08-08,-398126.97,,,2.0.0,035296e21284f98161415d6040ef3e946726712ec20ee486518f8c29f7c458da,run
2026-08-10T07:01:20Z,Uniswap V3 Base USDC/WETH 0.05%,base,0xd0b53d9277642d899df5c87a3966a349a798f224,2026-06-26,2026-08-09,45,RESOLVED,-692180.81,533972812.5,1,2026-06-28,2026-06-29,-440557.21,False,True,2.0.0,035296e21284f98161415d6040ef3e946726712ec20ee486518f8c29f7c458da,run
2026-08-10T07:01:03Z,Uniswap V3 Ethereum USDC/WETH 0.05%,ethereum,0x88e6a0c2ddd26feeb64f039a2c41296fcb3f5640,2026-06-26,2026-08-09,45,FLAGGED,2101342.62,199721353.81,3,2026-08-05,2026-08-07,-5418370.66,,True,2.0.0,035296e21284f98161415d6040ef3e946726712ec20ee486518f8c29f7c458da,run
2026-08-10T07:01:26Z,Uniswap V3 Optimism USDC/WETH 0.05%,optimism,0x1fb3cf6e48f1e7b10213e7b6d87d4c073c7fdb7b,2026-06-26,2026-08-09,45,FLAGGED,-54359.86,12628791.02,2,2026-07-26,2026-07-27,-13226.38,True,True,2.0.0,035296e21284f98161415d6040ef3e946726712ec20ee486518f8c29f7c458da,run
2026-08-12T06:11:35Z,Uniswap V3 Arbitrum USDC/WETH 0.05%,arbitrum,0xc6962004f452be9203591991d15f6b388e09e8d0,2026-06-28,2026-08-11,45,FLAGGED,-1402893,89082350,5,2026-08-10,2026-08-11,-365001,,,2.0.0,035296e21284f98161415d6040ef3e946726712ec20ee486518f8c29f7c458da,rebuilt_from_brief
2026-08-12T06:11:46Z,Uniswap V3 Base USDC/WETH 0.05%,base,0xd0b53d9277642d899df5c87a3966a349a798f224,2026-06-28,2026-08-11,45,QUIET,-150386.02,543108308.49,0,,,,,,2.0.0,035296e21284f98161415d6040ef3e946726712ec20ee486518f8c29f7c458da,run
2026-08-12T06:11:23Z,Uniswap V3 Ethereum USDC/WETH 0.05%,ethereum,0x88e6a0c2ddd26feeb64f039a2c41296fcb3f5640,2026-06-28,2026-08-11,45,FLAGGED,+4929772,194891354,3,2026-08-05,2026-08-07,-5418371,True,True,2.0.0,035296e21284f98161415d6040ef3e946726712ec20ee486518f8c29f7c458da,rebuilt_from_brief
2026-08-12T06:11:58Z,Uniswap V3 Optimism USDC/WETH 0.05%,optimism,0x1fb3cf6e48f1e7b10213e7b6d87d4c073c7fdb7b,2026-06-28,2026-08-11,45,FLAGGED,-50756.22,12773789.51,2,2026-07-26,2026-07-27,-13226.38,True,True,2.0.0,035296e21284f98161415d6040ef3e946726712ec20ee486518f8c29f7c458da,run
2026-08-17T07:00:32Z,Uniswap V3 Arbitrum USDC/WETH 0.05%,arbitrum,0xc6962004f452be9203591991d15f6b388e09e8d0,2026-07-03,2026-08-16,45,FLAGGED,-1287916.44,74564961.86,5,2026-08-10,2026-08-11,-365001.37,False,True,2.0.0,035296e21284f98161415d6040ef3e946726712ec20ee486518f8c29f7c458da,run
2026-08-17T07:00:43Z,Uniswap V3 Base USDC/WETH 0.05%,base,0xd0b53d9277642d899df5c87a3966a349a798f224,2026-07-03,2026-08-16,45,QUIET,113074.7,562792172.88,0,,,,,,2.0.0,035296e21284f98161415d6040ef3e946726712ec20ee486518f8c29f7c458da,run
2026-08-17T07:00:21Z,Uniswap V3 Ethereum USDC/WETH 0.05%,ethereum,0x88e6a0c2ddd26feeb64f039a2c41296fcb3f5640,2026-07-03,2026-08-16,45,FLAGGED,+6016289,157922843,2,2026-08-05,2026-08-07,-5418371,True,True,2.0.0,035296e21284f98161415d6040ef3e946726712ec20ee486518f8c29f7c458da,rebuilt_from_brief
2026-08-17T07:00:50Z,Uniswap V3 Optimism USDC/WETH 0.05%,optimism,0x1fb3cf6e48f1e7b10213e7b6d87d4c073c7fdb7b,2026-07-03,2026-08-16,45,FLAGGED,-84784.31,12067703.34,1,2026-07-26,2026-07-27,-13226.38,True,True,2.0.0,035296e21284f98161415d6040ef3e946726712ec20ee486518f8c29f7c458da,run
2026-08-20T07:00:32Z,Uniswap V3 Arbitrum USDC/WETH 0.05%,arbitrum,0xc6962004f452be9203591991d15f6b388e09e8d0,2026-07-06,2026-08-19,45,FLAGGED,-3043519,79487064,6,2026-08-18,2026-08-19,-1578460,,,2.0.0,035296e21284f98161415d6040ef3e946726712ec20ee486518f8c29f7c458da,rebuilt_from_brief
2026-08-20T07:00:43Z,Uniswap V3 Base USDC/WETH 0.05%,base,0xd0b53d9277642d899df5c87a3966a349a798f224,2026-07-06,2026-08-19,45,QUIET,-1417889.54,570744583.0,0,,,,,,2.0.0,035296e21284f98161415d6040ef3e946726712ec20ee486518f8c29f7c458da,run
2026-08-20T07:00:20Z,Uniswap V3 Ethereum USDC/WETH 0.05%,ethereum,0x88e6a0c2ddd26feeb64f039a2c41296fcb3f5640,2026-07-06,2026-08-19,45,FLAGGED,+3962140,159487427,3,2026-08-18,2026-08-19,-2577208,,,2.0.0,035296e21284f98161415d6040ef3e946726712ec20ee486518f8c29f7c458da,rebuilt_from_brief
2026-08-20T07:00:49Z,Uniswap V3 Optimism USDC/WETH 0.05%,optimism,0x1fb3cf6e48f1e7b10213e7b6d87d4c073c7fdb7b,2026-07-06,2026-08-19,45,FLAGGED,-94650.05,11464216.26,2,2026-08-18,2026-08-19,-36051.35,,,2.0.0,035296e21284f98161415d6040ef3e946726712ec20ee486518f8c29f7c458da,run
2026-08-24T07:00:25Z,Uniswap V3 Arbitrum USDC/WETH 0.05%,arbitrum,0xc6962004f452be9203591991d15f6b388e09e8d0,2026-07-10,2026-08-23,45,FLAGGED,-4158059.95,108691297.51,5,2026-08-18,2026-08-22,-3522132.15,,,2.0.0,035296e21284f98161415d6040ef3e946726712ec20ee486518f8c29f7c458da,run
2026-08-24T07:00:31Z,Uniswap V3 Base USDC/WETH 0.05%,base,0xd0b53d9277642d899df5c87a3966a349a798f224,2026-07-10,2026-08-23,45,PENDING,-3580686.4,547311906.22,1,2026-08-19,2026-08-21,-3535200.82,,,2.0.0,035296e21284f98161415d6040ef3e946726712ec20ee486518f8c29f7c458da,run
2026-08-24T07:00:19Z,Uniswap V3 Ethereum USDC/WETH 0.05%,ethereum,0x88e6a0c2ddd26feeb64f039a2c41296fcb3f5640,2026-07-10,2026-08-23,45,FLAGGED,+2224583,166758777,3,2026-08-18,2026-08-19,-2577208,True,True,2.0.0,035296e21284f98161415d6040ef3e946726712ec20ee486518f8c29f7c458da,rebuilt_from_brief
2026-08-24T07:00:37Z,Uniswap V3 Optimism USDC/WETH 0.05%,optimism,0x1fb3cf6e48f1e7b10213e7b6d87d4c073c7fdb7b,2026-07-10,2026-08-23,45,FLAGGED,-108657.59,10624892.38,2,2026-08-18,2026-08-19,-36051.35,False,True,2.0.0,035296e21284f98161415d6040ef3e946726712ec20ee486518f8c29f7c458da,run
2026-09-02T12:08:13Z,Uniswap V3 Arbitrum USDC/WETH 0.05%,arbitrum,0xc6962004f452be9203591991d15f6b388e09e8d0,2026-07-19,2026-09-01,45,FLAGGED,-4680562.02,158880874.64,5,2026-08-27,2026-08-29,-739459.59,True,True,2.0.0,035296e21284f98161415d6040ef3e946726712ec20ee486518f8c29f7c458da,run
2026-09-02T12:08:19Z,Uniswap V3 Base USDC/WETH 0.05%,base,0xd0b53d9277642d899df5c87a3966a349a798f224,2026-07-19,2026-09-01,45,RESOLVED,-3080401.44,470701785.02,1,2026-08-19,2026-08-21,-3535200.82,True,False,2.0.0,035296e21284f98161415d6040ef3e946726712ec20ee486518f8c29f7c458da,run
2026-09-02T12:08:06Z,Uniswap V3 Ethereum USDC/WETH 0.05%,ethereum,0x88e6a0c2ddd26feeb64f039a2c41296fcb3f5640,2026-07-19,2026-09-01,45,FLAGGED,+712121,153829458,5,2026-08-30,2026-09-01,-1321176,,,2.0.0,035296e21284f98161415d6040ef3e946726712ec20ee486518f8c29f7c458da,rebuilt_from_brief
2026-09-02T12:08:25Z,Uniswap V3 Optimism USDC/WETH 0.05%,optimism,0x1fb3cf6e48f1e7b10213e7b6d87d4c073c7fdb7b,2026-07-19,2026-09-01,45,FLAGGED,-90641.45,8595065.09,3,2026-08-26,2026-08-29,-14459.75,True,True,2.0.0,035296e21284f98161415d6040ef3e946726712ec20ee486518f8c29f7c458da,run
2026-09-11T15:51:31Z,Uniswap V3 Arbitrum USDC/WETH 0.05%,arbitrum,0xc6962004f452be9203591991d15f6b388e09e8d0,2026-07-28,2026-09-10,45,FLAGGED,-5104786.65,272740637.66,5,2026-08-27,2026-08-29,-739459.59,True,True,2.0.0,035296e21284f98161415d6040ef3e946726712ec20ee486518f8c29f7c458da,run
2026-09-11T15:51:31Z,Uniswap V3 Base USDC/WETH 0.05%,base,0xd0b53d9277642d899df5c87a3966a349a798f224,2026-07-28,2026-09-10,45,RESOLVED,-2876134.46,359515750.53,2,2026-09-06,2026-09-07,-84399.61,False,True,2.0.0,035296e21284f98161415d6040ef3e946726712ec20ee486518f8c29f7c458da,run
2026-09-11T15:51:31Z,Uniswap V3 Ethereum USDC/WETH 0.05%,ethereum,0x88e6a0c2ddd26feeb64f039a2c41296fcb3f5640,2026-07-28,2026-09-10,45,FLAGGED,648605.53,155570443.93,4,2026-08-30,2026-09-02,-1514570.38,True,True,2.0.0,035296e21284f98161415d6040ef3e946726712ec20ee486518f8c29f7c458da,run
2026-09-11T15:51:31Z,Uniswap V3 Optimism USDC/WETH 0.05%,optimism,0x1fb3cf6e48f1e7b10213e7b6d87d4c073c7fdb7b,2026-07-28,2026-09-10,45,FLAGGED,-78598.28,6164431.7,3,2026-09-01,2026-09-02,-11993.73,True,True,2.0.0,035296e21284f98161415d6040ef3e946726712ec20ee486518f8c29f7c458da,run
2026-09-17T12:43:22Z,Uniswap V3 Arbitrum USDC/WETH 0.05%,arbitrum,0xc6962004f452be9203591991d15f6b388e09e8d0,2026-08-03,2026-09-16,45,FLAGGED,-5309611.34,310353446.5,4,2026-08-27,2026-08-29,-739459.59,True,True,2.0.0,035296e21284f98161415d6040ef3e946726712ec20ee486518f8c29f7c458da,run
2026-09-17T12:43:30Z,Uniswap V3 Base USDC/WETH 0.05%,base,0xd0b53d9277642d899df5c87a3966a349a798f224,2026-08-03,2026-09-16,45,PENDING,-2884847.44,308557815.9,3,2026-09-15,2026-09-16,-320615.41,,,2.0.0,035296e21284f98161415d6040ef3e946726712ec20ee486518f8c29f7c458da,run
2026-09-17T12:43:14Z,Uniswap V3 Ethereum USDC/WETH 0.05%,ethereum,0x88e6a0c2ddd26feeb64f039a2c41296fcb3f5640,2026-08-03,2026-09-16,45,FLAGGED,-4679544.14,150103448.53,6,2026-09-13,2026-09-14,-634335.52,,,2.0.0,035296e21284f98161415d6040ef3e946726712ec20ee486518f8c29f7c458da,run
2026-09-17T12:43:36Z,Uniswap V3 Optimism USDC/WETH 0.05%,optimism,0x1fb3cf6e48f1e7b10213e7b6d87d4c073c7fdb7b,2026-08-03,2026-09-16,45,FLAGGED,-69427.32,4994588.93,3,2026-09-01,2026-09-02,-11993.73,True,True,2.0.0,035296e21284f98161415d6040ef3e946726712ec20ee486518f8c29f7c458da,run
2026-10-05T21:07:25Z,Uniswap V3 Arbitrum USDC/WETH 0.05%,arbitrum,0xc6962004f452be9203591991d15f6b388e09e8d0,2026-08-07,2026-09-20,45,FLAGGED,5336649.62,342091580.48,4,2026-09-18,2026-09-19,-271726.52,,,2.0.0,035296e21284f98161415d6040ef3e946726712ec20ee486518f8c29f7c458da,backfill_onchain
2026-10-05T21:07:25Z,Uniswap V3 Base USDC/WETH 0.05%,base,0xd0b53d9277642d899df5c87a3966a349a798f224,2026-08-07,2026-09-20,45,RESOLVED,-2360258.98,330611037.94,3,2026-09-15,2026-09-16,-321049.69,False,,2.0.0,035296e21284f98161415d6040ef3e946726712ec20ee486518f8c29f7c458da,backfill_onchain
2026-10-05T21:07:25Z,Uniswap V3 Ethereum USDC/WETH 0.05%,ethereum,0x88e6a0c2ddd26feeb64f039a2c41296fcb3f5640,2026-08-07,2026-09-20,45,FLAGGED,-1067270.68,148242692.48,6,2026-09-17,2026-09-19,-1539017.73,,,2.0.0,035296e21284f98161415d6040ef3e946726712ec20ee486518f8c29f7c458da,backfill_onchain
2026-10-05T21:07:25Z,Uniswap V3 Optimism USDC/WETH 0.05%,optimism,0x1fb3cf6e48f1e7b10213e7b6d87d4c073c7fdb7b,2026-08-07,2026-09-20,45,FLAGGED,-60602.66,5638616.12,3,2026-09-01,2026-09-02,-11994.42,True,True,2.0.0,035296e21284f98161415d6040ef3e946726712ec20ee486518f8c29f7c458da,backfill_onchain
2026-10-05T21:08:57Z,Uniswap V3 Arbitrum USDC/WETH 0.05%,arbitrum,0xc6962004f452be9203591991d15f6b388e09e8d0,2026-08-10,2026-09-23,45,FLAGGED,-6176427.98,372908539.13,4,2026-09-21,2026-09-22,-11829287.14,,,2.0.0,035296e21284f98161415d6040ef3e946726712ec20ee486518f8c29f7c458da,backfill_onchain
2026-10-05T21:08:57Z,Uniswap V3 Base USDC/WETH 0.05%,base,0xd0b53d9277642d899df5c87a3966a349a798f224,2026-08-10,2026-09-23,45,RESOLVED,-2548917.4,353078198.78,3,2026-09-15,2026-09-16,-321049.69,False,True,2.0.0,035296e21284f98161415d6040ef3e946726712ec20ee486518f8c29f7c458da,backfill_onchain
2026-10-05T21:08:57Z,Uniswap V3 Ethereum USDC/WETH 0.05%,ethereum,0x88e6a0c2ddd26feeb64f039a2c41296fcb3f5640,2026-08-10,2026-09-23,45,FLAGGED,-7692326.32,151855846.01,6,2026-09-17,2026-09-19,-1539017.73,True,True,2.0.0,035296e21284f98161415d6040ef3e946726712ec20ee486518f8c29f7c458da,backfill_onchain
2026-10-05T21:08:57Z,Uniswap V3 Optimism USDC/WETH 0.05%,optimism,0x1fb3cf6e48f1e7b10213e7b6d87d4c073c7fdb7b,2026-08-10,2026-09-23,45,FLAGGED,-76872.23,6821286.2,3,2026-09-01,2026-09-02,-11994.42,True,True,2.0.0,035296e21284f98161415d6040ef3e946726712ec20ee486518f8c29f7c458da,backfill_onchain
2026-10-05T21:10:26Z,Uniswap V3 Arbitrum USDC/WETH 0.05%,arbitrum,0xc6962004f452be9203591991d15f6b388e09e8d0,2026-08-14,2026-09-27,45,FLAGGED,-5725738.39,373362633.02,4,2026-09-21,2026-09-22,-11829287.14,True,True,2.0.0,035296e21284f98161415d6040ef3e946726712ec20ee486518f8c29f7c458da,backfill_onchain
2026-10-05T21:10:26Z,Uniswap V3 Base USDC/WETH 0.05%,base,0xd0b53d9277642d899df5c87a3966a349a798f224,2026-08-14,2026-09-27,45,RESOLVED,-2268517.75,308870999.0,3,2026-09-15,2026-09-16,-321049.69,False,True,2.0.0,035296e21284f98161415d6040ef3e946726712ec20ee486518f8c29f7c458da,backfill_onchain
2026-10-05T21:10:26Z,Uniswap V3 Ethereum USDC/WETH 0.05%,ethereum,0x88e6a0c2ddd26feeb64f039a2c41296fcb3f5640,2026-08-14,2026-09-27,45,FLAGGED,-10614327.15,143178599.14,6,2026-09-17,2026-09-19,-1539017.73,True,True,2.0.0,035296e21284f98161415d6040ef3e946726712ec20ee486518f8c29f7c458da,backfill_onchain
2026-10-05T21:10:26Z,Uniswap V3 Optimism USDC/WETH 0.05%,optimism,0x1fb3cf6e48f1e7b10213e7b6d87d4c073c7fdb7b,2026-08-14,2026-09-27,45,FLAGGED,-79552.84,7018093.0,3,2026-09-01,2026-09-02,-11994.42,True,True,2.0.0,035296e21284f98161415d6040ef3e946726712ec20ee486518f8c29f7c458da,backfill_onchain
2026-10-05T21:11:54Z,Uniswap V3 Arbitrum USDC/WETH 0.05%,arbitrum,0xc6962004f452be9203591991d15f6b388e09e8d0,2026-08-17,2026-09-30,45,FLAGGED,-5505815.34,374805916.88,4,2026-09-21,2026-09-22,-11829287.14,True,True,2.0.0,035296e21284f98161415d6040ef3e946726712ec20ee486518f8c29f7c458da,backfill_onchain
2026-10-05T21:11:54Z,Uniswap V3 Base USDC/WETH 0.05%,base,0xd0b53d9277642d899df5c87a3966a349a798f224,2026-08-17,2026-09-30,45,RESOLVED,-2247988.01,287437523.96,3,2026-09-15,2026-09-16,-321049.69,False,True,2.0.0,035296e21284f98161415d6040ef3e946726712ec20ee486518f8c29f7c458da,backfill_onchain
2026-10-05T21:11:54Z,Uniswap V3 Ethereum USDC/WETH 0.05%,ethereum,0x88e6a0c2ddd26feeb64f039a2c41296fcb3f5640,2026-08-17,2026-09-30,45,FLAGGED,-11969239.85,145202051.87,7,2026-09-27,2026-09-29,-1096514.21,,,2.0.0,035296e21284f98161415d6040ef3e946726712ec20ee486518f8c29f7c458da,backfill_onchain
2026-10-05T21:11:54Z,Uniswap V3 Optimism USDC/WETH 0.05%,optimism,0x1fb3cf6e48f1e7b10213e7b6d87d4c073c7fdb7b,2026-08-17,2026-09-30,45,FLAGGED,-60694.33,7335823.84,3,2026-09-01,2026-09-02,-11994.42,True,True,2.0.0,035296e21284f98161415d6040ef3e946726712ec20ee486518f8c29f7c458da,backfill_onchain
2026-10-05T21:50:59Z,Uniswap V3 Arbitrum USDC/WETH 0.05%,arbitrum,0xc6962004f452be9203591991d15f6b388e09e8d0,2026-08-21,2026-10-04,45,FLAGGED,-2558929.52,363019539.51,3,2026-09-21,2026-09-22,-11829287.14,True,True,2.0.0,035296e21284f98161415d6040ef3e946726712ec20ee486518f8c29f7c458da,run_onchain
2026-10-05T21:50:59Z,Uniswap V3 Base USDC/WETH 0.05%,base,0xd0b53d9277642d899df5c87a3966a349a798f224,2026-08-21,2026-10-04,45,RESOLVED,213931.37,253871992.37,2,2026-09-15,2026-09-16,-321049.69,False,True,2.0.0,035296e21284f98161415d6040ef3e946726712ec20ee486518f8c29f7c458da,run_onchain
2026-10-05T21:50:59Z,Uniswap V3 Ethereum USDC/WETH 0.05%,ethereum,0x88e6a0c2ddd26feeb64f039a2c41296fcb3f5640,2026-08-21,2026-10-04,45,FLAGGED,-10112737.76,126297987.37,7,2026-10-01,2026-10-02,-62223.96,,True,2.0.0,035296e21284f98161415d6040ef3e946726712ec20ee486518f8c29f7c458da,run_onchain
2026-10-05T21:50:59Z,Uniswap V3 Optimism USDC/WETH 0.05%,optimism,0x1fb3cf6e48f1e7b10213e7b6d87d4c073c7fdb7b,2026-08-21,2026-10-04,45,FLAGGED,-25492.61,6698469.57,2,2026-09-01,2026-09-02,-11994.42,True,True,2.0.0,035296e21284f98161415d6040ef3e946726712ec20ee486518f8c29f7c458da,run_onchain
