date,net_lp_flow_usd,gross_lp_inflow_usd,n_unpriced_legs,pool_label,pool_address
2026-05-05,-118536.010177944,2862621.33957802,0,"Uniswap V3 Arbitrum USDC/WETH 0.05%",0xc6962004f452be9203591991d15f6b388e09e8d0
2026-05-06,-93606.5880694282,5164365.44088936,0,"Uniswap V3 Arbitrum USDC/WETH 0.05%",0xc6962004f452be9203591991d15f6b388e09e8d0
2026-05-07,52176.0953240875,4969821.49404042,0,"Uniswap V3 Arbitrum USDC/WETH 0.05%",0xc6962004f452be9203591991d15f6b388e09e8d0
2026-05-08,713291.942203471,4768585.56231454,0,"Uniswap V3 Arbitrum USDC/WETH 0.05%",0xc6962004f452be9203591991d15f6b388e09e8d0
2026-05-09,302808.774146568,4063110.28141772,0,"Uniswap V3 Arbitrum USDC/WETH 0.05%",0xc6962004f452be9203591991d15f6b388e09e8d0
2026-05-10,-566180.197953357,3618950.30827492,0,"Uniswap V3 Arbitrum USDC/WETH 0.05%",0xc6962004f452be9203591991d15f6b388e09e8d0
2026-05-11,-33468.6158828935,4133832.42385374,0,"Uniswap V3 Arbitrum USDC/WETH 0.05%",0xc6962004f452be9203591991d15f6b388e09e8d0
2026-05-12,238154.278946924,4166344.45177396,0,"Uniswap V3 Arbitrum USDC/WETH 0.05%",0xc6962004f452be9203591991d15f6b388e09e8d0
2026-05-13,21184.1498486261,6834756.52493457,0,"Uniswap V3 Arbitrum USDC/WETH 0.05%",0xc6962004f452be9203591991d15f6b388e09e8d0
2026-05-14,-361800.218502975,7924458.26490506,0,"Uniswap V3 Arbitrum USDC/WETH 0.05%",0xc6962004f452be9203591991d15f6b388e09e8d0
2026-05-15,542409.315081797,7749363.41373276,0,"Uniswap V3 Arbitrum USDC/WETH 0.05%",0xc6962004f452be9203591991d15f6b388e09e8d0
2026-05-16,-82347.8183222148,5881296.31946381,0,"Uniswap V3 Arbitrum USDC/WETH 0.05%",0xc6962004f452be9203591991d15f6b388e09e8d0
2026-05-17,169861.990049961,3796589.6355754,0,"Uniswap V3 Arbitrum USDC/WETH 0.05%",0xc6962004f452be9203591991d15f6b388e09e8d0
2026-05-18,-1115923.34107293,4964194.26057221,0,"Uniswap V3 Arbitrum USDC/WETH 0.05%",0xc6962004f452be9203591991d15f6b388e09e8d0
2026-05-19,-239256.513408884,5997353.04793699,0,"Uniswap V3 Arbitrum USDC/WETH 0.05%",0xc6962004f452be9203591991d15f6b388e09e8d0
2026-05-20,-162805.946916472,3568298.51878709,0,"Uniswap V3 Arbitrum USDC/WETH 0.05%",0xc6962004f452be9203591991d15f6b388e09e8d0
2026-05-21,185757.726229539,3288205.39115208,0,"Uniswap V3 Arbitrum USDC/WETH 0.05%",0xc6962004f452be9203591991d15f6b388e09e8d0
2026-05-22,-745399.056738161,6183385.57584744,0,"Uniswap V3 Arbitrum USDC/WETH 0.05%",0xc6962004f452be9203591991d15f6b388e09e8d0
2026-05-23,-236749.359348865,7577806.76831974,0,"Uniswap V3 Arbitrum USDC/WETH 0.05%",0xc6962004f452be9203591991d15f6b388e09e8d0
2026-05-24,14041.6329563024,1604429.43986107,0,"Uniswap V3 Arbitrum USDC/WETH 0.05%",0xc6962004f452be9203591991d15f6b388e09e8d0
2026-05-25,-121499.621533263,2920206.91404757,0,"Uniswap V3 Arbitrum USDC/WETH 0.05%",0xc6962004f452be9203591991d15f6b388e09e8d0
2026-05-26,298477.607243548,4366462.88533318,0,"Uniswap V3 Arbitrum USDC/WETH 0.05%",0xc6962004f452be9203591991d15f6b388e09e8d0
2026-05-27,-143234.589736655,3326096.02259004,0,"Uniswap V3 Arbitrum USDC/WETH 0.05%",0xc6962004f452be9203591991d15f6b388e09e8d0
2026-05-28,32570.4049107568,9163109.48433022,0,"Uniswap V3 Arbitrum USDC/WETH 0.05%",0xc6962004f452be9203591991d15f6b388e09e8d0
2026-05-29,-997723.3089005,5350562.34071925,0,"Uniswap V3 Arbitrum USDC/WETH 0.05%",0xc6962004f452be9203591991d15f6b388e09e8d0
2026-05-30,137402.220340113,3503704.43184457,0,"Uniswap V3 Arbitrum USDC/WETH 0.05%",0xc6962004f452be9203591991d15f6b388e09e8d0
2026-05-31,-80511.4704485132,2047740.98220847,0,"Uniswap V3 Arbitrum USDC/WETH 0.05%",0xc6962004f452be9203591991d15f6b388e09e8d0
2026-06-01,-127981.004304319,3904692.12791204,0,"Uniswap V3 Arbitrum USDC/WETH 0.05%",0xc6962004f452be9203591991d15f6b388e09e8d0
2026-06-02,-340016.289716529,9700385.42177068,0,"Uniswap V3 Arbitrum USDC/WETH 0.05%",0xc6962004f452be9203591991d15f6b388e09e8d0
2026-06-03,-838516.278043746,19992904.7001586,0,"Uniswap V3 Arbitrum USDC/WETH 0.05%",0xc6962004f452be9203591991d15f6b388e09e8d0
2026-06-04,-1524352.68301101,15342773.7128115,0,"Uniswap V3 Arbitrum USDC/WETH 0.05%",0xc6962004f452be9203591991d15f6b388e09e8d0
2026-06-05,-3192592.49762925,33523292.3812805,0,"Uniswap V3 Arbitrum USDC/WETH 0.05%",0xc6962004f452be9203591991d15f6b388e09e8d0
2026-06-06,-427171.068260518,9039439.05544698,0,"Uniswap V3 Arbitrum USDC/WETH 0.05%",0xc6962004f452be9203591991d15f6b388e09e8d0
2026-06-07,-61040.5145247178,5372914.34537783,0,"Uniswap V3 Arbitrum USDC/WETH 0.05%",0xc6962004f452be9203591991d15f6b388e09e8d0
2026-06-08,212709.200077833,2061739.66223561,0,"Uniswap V3 Arbitrum USDC/WETH 0.05%",0xc6962004f452be9203591991d15f6b388e09e8d0
2026-06-09,-230390.297978893,2387528.39043177,0,"Uniswap V3 Arbitrum USDC/WETH 0.05%",0xc6962004f452be9203591991d15f6b388e09e8d0
2026-06-10,-6379.16861899969,2617750.64962727,0,"Uniswap V3 Arbitrum USDC/WETH 0.05%",0xc6962004f452be9203591991d15f6b388e09e8d0
2026-06-11,5658.57439167362,1542801.95360736,0,"Uniswap V3 Arbitrum USDC/WETH 0.05%",0xc6962004f452be9203591991d15f6b388e09e8d0
2026-06-12,-148579.666482541,1779304.9329084,0,"Uniswap V3 Arbitrum USDC/WETH 0.05%",0xc6962004f452be9203591991d15f6b388e09e8d0
2026-06-13,279422.388346402,1430808.53744764,0,"Uniswap V3 Arbitrum USDC/WETH 0.05%",0xc6962004f452be9203591991d15f6b388e09e8d0
2026-06-14,339430.275293201,2664740.12786553,0,"Uniswap V3 Arbitrum USDC/WETH 0.05%",0xc6962004f452be9203591991d15f6b388e09e8d0
2026-06-15,-221951.260461963,6623168.68288753,0,"Uniswap V3 Arbitrum USDC/WETH 0.05%",0xc6962004f452be9203591991d15f6b388e09e8d0
2026-06-16,-121608.135206118,2927229.41943756,0,"Uniswap V3 Arbitrum USDC/WETH 0.05%",0xc6962004f452be9203591991d15f6b388e09e8d0
2026-06-17,12170.4248352481,1871960.16259422,0,"Uniswap V3 Arbitrum USDC/WETH 0.05%",0xc6962004f452be9203591991d15f6b388e09e8d0
2026-06-18,-107295.881684635,2316466.23380036,0,"Uniswap V3 Arbitrum USDC/WETH 0.05%",0xc6962004f452be9203591991d15f6b388e09e8d0
